{
    "model_name": "onboarding_lightgbm",
    "version": "v2026.1",
    "threshold": 0.6,
    "features_count": 30,
    "train_rows": 24000,
    "test_rows": 6000,
    "precision": 0.9894444444444445,
    "recall": 0.49499722067815455,
    "f1_score": 0.6598740274175621,
    "roc_auc": 0.7442706860458603
}